SubID,Gender,MAP_change,Systolic_change,Diastolic_change
1,M,10.66666667,38,-3
2,M,15.66666667,19,14
3,M,9.333333333,28,0
4,F,22.33333333,27,20
5,F,14.33333333,33,5
6,F,35,67,19
7,F,23.33333333,32,19
8,F,8.333333333,17,4
9,F,27.33333333,40,21